snapshot_date,game_date,unique_tickets_sold,unique_page_clicks,days_before_game
2026-03-01,2026-03-26,21,181,25
2026-03-01,2026-03-28,3,254,27
2026-03-01,2026-03-29,2,217,28
2026-03-01,2026-03-30,3,194,29
2026-03-01,2026-03-31,2,145,30
2026-03-01,2026-04-01,5,137,31
2026-03-01,2026-04-10,1,130,40
2026-03-01,2026-04-11,2,219,41
2026-03-01,2026-04-12,7,193,42
2026-03-01,2026-04-13,2,141,43
2026-03-01,2026-04-14,1,145,44
2026-03-01,2026-04-15,1,157,45
2026-03-01,2026-04-24,1,172,54
2026-03-01,2026-04-25,2,152,55
2026-03-01,2026-04-26,3,150,56
2026-03-01,2026-05-01,1,163,61
2026-03-01,2026-05-02,2,150,62
2026-03-01,2026-05-03,4,197,63
2026-03-01,2026-05-04,0,92,64
2026-03-01,2026-05-05,1,100,65
2026-03-01,2026-05-06,3,94,66
2026-03-02,2026-03-26,24,112,24
2026-03-02,2026-03-28,5,152,26
2026-03-02,2026-03-29,2,155,27
2026-03-02,2026-03-30,0,114,28
2026-03-02,2026-03-31,3,115,29
2026-03-02,2026-04-01,0,80,30
2026-03-02,2026-04-10,2,83,39
2026-03-02,2026-04-11,0,105,40
2026-03-02,2026-04-12,4,88,41
2026-03-02,2026-04-13,0,82,42
2026-03-02,2026-04-14,3,78,43
2026-03-02,2026-04-15,0,81,44
2026-03-02,2026-04-24,0,79,53
2026-03-02,2026-04-25,2,81,54
2026-03-02,2026-04-26,2,81,55
2026-03-02,2026-05-01,1,75,60
2026-03-02,2026-05-02,0,73,61
2026-03-02,2026-05-03,1,90,62
2026-03-02,2026-05-04,1,59,63
2026-03-02,2026-05-05,1,64,64
2026-03-02,2026-05-06,0,53,65
2026-03-03,2026-03-26,6,109,23
2026-03-03,2026-03-28,4,164,25
2026-03-03,2026-03-29,0,146,26
2026-03-03,2026-03-30,3,132,27
2026-03-03,2026-03-31,2,91,28
2026-03-03,2026-04-01,1,89,29
2026-03-03,2026-04-10,2,77,38
2026-03-03,2026-04-11,5,114,39
2026-03-03,2026-04-12,1,96,40
2026-03-03,2026-04-13,2,73,41
2026-03-03,2026-04-14,2,91,42
2026-03-03,2026-04-15,2,78,43
2026-03-03,2026-04-24,0,96,52
2026-03-03,2026-04-25,1,93,53
2026-03-03,2026-04-26,1,79,54
2026-03-03,2026-05-01,2,100,59
2026-03-03,2026-05-02,2,78,60
2026-03-03,2026-05-03,0,97,61
2026-03-03,2026-05-04,2,46,62
2026-03-03,2026-05-05,2,35,63
2026-03-03,2026-05-06,0,59,64
2026-03-04,2026-03-26,9,112,22
2026-03-04,2026-03-28,1,156,24
2026-03-04,2026-03-29,1,152,25
2026-03-04,2026-03-30,2,166,26
2026-03-04,2026-03-31,3,107,27
2026-03-04,2026-04-01,0,85,28
2026-03-04,2026-04-10,1,80,37
2026-03-04,2026-04-11,2,125,38
2026-03-04,2026-04-12,4,86,39
2026-03-04,2026-04-13,1,74,40
2026-03-04,2026-04-14,0,58,41
2026-03-04,2026-04-15,1,70,42
2026-03-04,2026-04-24,1,87,51
2026-03-04,2026-04-25,2,81,52
2026-03-04,2026-04-26,3,87,53
2026-03-04,2026-05-01,0,76,58
2026-03-04,2026-05-02,4,71,59
2026-03-04,2026-05-03,3,96,60
2026-03-04,2026-05-04,1,42,61
2026-03-04,2026-05-05,1,35,62
2026-03-04,2026-05-06,0,44,63
2026-03-05,2026-03-26,5,185,21
2026-03-05,2026-03-28,2,211,23
2026-03-05,2026-03-29,0,220,24
2026-03-05,2026-03-30,2,202,25
2026-03-05,2026-03-31,6,130,26
2026-03-05,2026-04-01,1,138,27
2026-03-05,2026-04-10,1,94,36
2026-03-05,2026-04-11,1,162,37
2026-03-05,2026-04-12,1,151,38
2026-03-05,2026-04-13,2,109,39
2026-03-05,2026-04-14,1,127,40
2026-03-05,2026-04-15,5,94,41
2026-03-05,2026-04-24,0,143,50
2026-03-05,2026-04-25,1,99,51
2026-03-05,2026-04-26,1,117,52
2026-03-05,2026-05-01,4,107,57
2026-03-05,2026-05-02,4,101,58
2026-03-05,2026-05-03,2,120,59
2026-03-05,2026-05-04,0,68,60
2026-03-05,2026-05-05,1,62,61
2026-03-05,2026-05-06,0,65,62
2026-03-06,2026-03-26,5,148,20
2026-03-06,2026-03-28,0,161,22
2026-03-06,2026-03-29,0,167,23
2026-03-06,2026-03-30,2,130,24
2026-03-06,2026-03-31,5,103,25
2026-03-06,2026-04-01,2,113,26
2026-03-06,2026-04-10,1,77,35
2026-03-06,2026-04-11,0,134,36
2026-03-06,2026-04-12,2,110,37
2026-03-06,2026-04-13,1,83,38
2026-03-06,2026-04-14,2,92,39
2026-03-06,2026-04-15,0,76,40
2026-03-06,2026-04-24,1,88,49
2026-03-06,2026-04-25,1,72,50
2026-03-06,2026-04-26,0,85,51
2026-03-06,2026-05-01,0,96,56
2026-03-06,2026-05-02,2,63,57
2026-03-06,2026-05-03,2,97,58
2026-03-06,2026-05-04,0,58,59
2026-03-06,2026-05-05,1,50,60
2026-03-06,2026-05-06,1,42,61
2026-03-07,2026-03-26,8,223,19
2026-03-07,2026-03-28,3,261,21
2026-03-07,2026-03-29,2,244,22
2026-03-07,2026-03-30,2,250,23
2026-03-07,2026-03-31,3,173,24
2026-03-07,2026-04-01,3,175,25
2026-03-07,2026-04-10,0,151,34
2026-03-07,2026-04-11,0,197,35
2026-03-07,2026-04-12,2,171,36
2026-03-07,2026-04-13,3,128,37
2026-03-07,2026-04-14,1,151,38
2026-03-07,2026-04-15,0,138,39
2026-03-07,2026-04-24,2,150,48
2026-03-07,2026-04-25,4,156,49
2026-03-07,2026-04-26,6,169,50
2026-03-07,2026-05-01,2,195,55
2026-03-07,2026-05-02,0,148,56
2026-03-07,2026-05-03,1,179,57
2026-03-07,2026-05-04,1,107,58
2026-03-07,2026-05-05,0,101,59
2026-03-07,2026-05-06,0,106,60
2026-03-08,2026-03-26,49,226,18
2026-03-08,2026-03-28,3,273,20
2026-03-08,2026-03-29,5,255,21
2026-03-08,2026-03-30,10,240,22
2026-03-08,2026-03-31,1,194,23
2026-03-08,2026-04-01,1,156,24
2026-03-08,2026-04-10,6,183,33
2026-03-08,2026-04-11,4,263,34
2026-03-08,2026-04-12,2,192,35
2026-03-08,2026-04-13,1,163,36
2026-03-08,2026-04-14,0,147,37
2026-03-08,2026-04-15,0,127,38
2026-03-08,2026-04-24,1,175,47
2026-03-08,2026-04-25,2,174,48
2026-03-08,2026-04-26,2,183,49
2026-03-08,2026-05-01,3,190,54
2026-03-08,2026-05-02,3,161,55
2026-03-08,2026-05-03,6,183,56
2026-03-08,2026-05-04,3,110,57
2026-03-08,2026-05-05,2,133,58
2026-03-08,2026-05-06,3,107,59
2026-03-09,2026-03-26,20,173,17
2026-03-09,2026-03-28,1,206,19
2026-03-09,2026-03-29,3,183,20
2026-03-09,2026-03-30,0,161,21
2026-03-09,2026-03-31,2,129,22
2026-03-09,2026-04-01,4,108,23
2026-03-09,2026-04-10,0,84,32
2026-03-09,2026-04-11,2,137,33
2026-03-09,2026-04-12,2,119,34
2026-03-09,2026-04-13,1,105,35
2026-03-09,2026-04-14,0,85,36
2026-03-09,2026-04-15,0,85,37
2026-03-09,2026-04-24,1,76,46
2026-03-09,2026-04-25,3,86,47
2026-03-09,2026-04-26,2,92,48
2026-03-09,2026-05-01,1,69,53
2026-03-09,2026-05-02,1,67,54
2026-03-09,2026-05-03,0,110,55
2026-03-09,2026-05-04,1,51,56
2026-03-09,2026-05-05,0,59,57
2026-03-09,2026-05-06,3,58,58
2026-03-10,2026-03-26,9,174,16
2026-03-10,2026-03-28,5,210,18
2026-03-10,2026-03-29,6,182,19
2026-03-10,2026-03-30,3,167,20
2026-03-10,2026-03-31,0,124,21
2026-03-10,2026-04-01,1,126,22
2026-03-10,2026-04-10,0,91,31
2026-03-10,2026-04-11,1,126,32
2026-03-10,2026-04-12,2,124,33
2026-03-10,2026-04-13,2,90,34
2026-03-10,2026-04-14,0,86,35
2026-03-10,2026-04-15,1,89,36
2026-03-10,2026-04-24,0,98,45
2026-03-10,2026-04-25,2,88,46
2026-03-10,2026-04-26,2,80,47
2026-03-10,2026-05-01,0,81,52
2026-03-10,2026-05-02,0,74,53
2026-03-10,2026-05-03,1,100,54
2026-03-10,2026-05-04,0,63,55
2026-03-10,2026-05-05,0,49,56
2026-03-10,2026-05-06,2,51,57
2026-03-11,2026-03-26,24,155,15
2026-03-11,2026-03-28,2,204,17
2026-03-11,2026-03-29,5,182,18
2026-03-11,2026-03-30,4,193,19
2026-03-11,2026-03-31,2,133,20
2026-03-11,2026-04-01,3,121,21
2026-03-11,2026-04-10,1,100,30
2026-03-11,2026-04-11,1,128,31
2026-03-11,2026-04-12,0,126,32
2026-03-11,2026-04-13,2,92,33
2026-03-11,2026-04-14,4,90,34
2026-03-11,2026-04-15,2,94,35
2026-03-11,2026-04-24,1,99,44
2026-03-11,2026-04-25,0,91,45
2026-03-11,2026-04-26,0,90,46
2026-03-11,2026-05-01,2,92,51
2026-03-11,2026-05-02,0,100,52
2026-03-11,2026-05-03,1,93,53
2026-03-11,2026-05-04,1,39,54
2026-03-11,2026-05-05,1,62,55
2026-03-11,2026-05-06,1,45,56
2026-03-12,2026-03-26,35,318,14
2026-03-12,2026-03-28,4,224,16
2026-03-12,2026-03-29,5,212,17
2026-03-12,2026-03-30,2,199,18
2026-03-12,2026-03-31,2,135,19
2026-03-12,2026-04-01,3,126,20
2026-03-12,2026-04-10,2,89,29
2026-03-12,2026-04-11,1,142,30
2026-03-12,2026-04-12,1,106,31
2026-03-12,2026-04-13,1,78,32
2026-03-12,2026-04-14,2,83,33
2026-03-12,2026-04-15,0,100,34
2026-03-12,2026-04-24,1,100,43
2026-03-12,2026-04-25,0,86,44
2026-03-12,2026-04-26,1,106,45
2026-03-12,2026-05-01,1,92,50
2026-03-12,2026-05-02,3,90,51
2026-03-12,2026-05-03,1,95,52
2026-03-12,2026-05-04,1,57,53
2026-03-12,2026-05-05,0,58,54
2026-03-12,2026-05-06,1,53,55
2026-03-13,2026-03-26,65,353,13
2026-03-13,2026-03-28,5,234,15
2026-03-13,2026-03-29,2,228,16
2026-03-13,2026-03-30,3,173,17
2026-03-13,2026-03-31,2,135,18
2026-03-13,2026-04-01,2,132,19
2026-03-13,2026-04-10,1,97,28
2026-03-13,2026-04-11,3,148,29
2026-03-13,2026-04-12,2,120,30
2026-03-13,2026-04-13,2,99,31
2026-03-13,2026-04-14,1,84,32
2026-03-13,2026-04-15,3,98,33
2026-03-13,2026-04-24,2,91,42
2026-03-13,2026-04-25,0,83,43
2026-03-13,2026-04-26,0,81,44
2026-03-13,2026-05-01,3,77,49
2026-03-13,2026-05-02,2,89,50
2026-03-13,2026-05-03,1,95,51
2026-03-13,2026-05-04,0,57,52
2026-03-13,2026-05-05,3,60,53
2026-03-13,2026-05-06,2,63,54
2026-03-14,2026-03-26,77,437,12
2026-03-14,2026-03-28,13,538,14
2026-03-14,2026-03-29,6,326,15
2026-03-14,2026-03-30,7,284,16
2026-03-14,2026-03-31,3,204,17
2026-03-14,2026-04-01,0,192,18
2026-03-14,2026-04-10,2,190,27
2026-03-14,2026-04-11,1,229,28
2026-03-14,2026-04-12,5,185,29
2026-03-14,2026-04-13,2,147,30
2026-03-14,2026-04-14,0,142,31
2026-03-14,2026-04-15,2,152,32
2026-03-14,2026-04-24,2,210,41
2026-03-14,2026-04-25,2,175,42
2026-03-14,2026-04-26,2,157,43
2026-03-14,2026-05-01,4,200,48
2026-03-14,2026-05-02,3,171,49
2026-03-14,2026-05-03,3,210,50
2026-03-14,2026-05-04,0,125,51
2026-03-14,2026-05-05,1,117,52
2026-03-14,2026-05-06,0,119,53
2026-03-15,2026-03-26,78,421,11
2026-03-15,2026-03-28,9,536,13
2026-03-15,2026-03-29,11,447,14
2026-03-15,2026-03-30,5,281,15
2026-03-15,2026-03-31,4,230,16
2026-03-15,2026-04-01,3,212,17
2026-03-15,2026-04-10,2,170,26
2026-03-15,2026-04-11,6,255,27
2026-03-15,2026-04-12,3,228,28
2026-03-15,2026-04-13,1,146,29
2026-03-15,2026-04-14,3,170,30
2026-03-15,2026-04-15,1,170,31
2026-03-15,2026-04-24,1,170,40
2026-03-15,2026-04-25,2,184,41
2026-03-15,2026-04-26,5,173,42
2026-03-15,2026-05-01,5,184,47
2026-03-15,2026-05-02,2,162,48
2026-03-15,2026-05-03,6,186,49
2026-03-15,2026-05-04,1,101,50
2026-03-15,2026-05-05,1,135,51
2026-03-15,2026-05-06,2,106,52
2026-03-16,2026-03-26,60,496,10
2026-03-16,2026-03-28,16,429,12
2026-03-16,2026-03-29,8,434,13
2026-03-16,2026-03-30,11,418,14
2026-03-16,2026-03-31,1,156,15
2026-03-16,2026-04-01,1,139,16
2026-03-16,2026-04-10,3,109,25
2026-03-16,2026-04-11,3,141,26
2026-03-16,2026-04-12,1,140,27
2026-03-16,2026-04-13,0,87,28
2026-03-16,2026-04-14,2,98,29
2026-03-16,2026-04-15,0,92,30
2026-03-16,2026-04-24,4,103,39
2026-03-16,2026-04-25,0,98,40
2026-03-16,2026-04-26,2,107,41
2026-03-16,2026-05-01,1,92,46
2026-03-16,2026-05-02,1,80,47
2026-03-16,2026-05-03,2,124,48
2026-03-16,2026-05-04,1,62,49
2026-03-16,2026-05-05,1,49,50
2026-03-16,2026-05-06,0,46,51
2026-03-17,2026-03-26,18,517,9
2026-03-17,2026-03-28,12,461,11
2026-03-17,2026-03-29,10,421,12
2026-03-17,2026-03-30,10,408,13
2026-03-17,2026-03-31,7,322,14
2026-03-17,2026-04-01,3,168,15
2026-03-17,2026-04-10,1,121,24
2026-03-17,2026-04-11,3,146,25
2026-03-17,2026-04-12,1,136,26
2026-03-17,2026-04-13,1,94,27
2026-03-17,2026-04-14,2,104,28
2026-03-17,2026-04-15,3,101,29
2026-03-17,2026-04-24,1,114,38
2026-03-17,2026-04-25,2,96,39
2026-03-17,2026-04-26,0,99,40
2026-03-17,2026-05-01,1,77,45
2026-03-17,2026-05-02,2,85,46
2026-03-17,2026-05-03,0,118,47
2026-03-17,2026-05-04,0,51,48
2026-03-17,2026-05-05,0,55,49
2026-03-17,2026-05-06,1,53,50
2026-03-18,2026-03-26,132,744,8
2026-03-18,2026-03-28,24,840,10
2026-03-18,2026-03-29,25,662,11
2026-03-18,2026-03-30,16,599,12
2026-03-18,2026-03-31,8,436,13
2026-03-18,2026-04-01,11,390,14
2026-03-18,2026-04-10,1,171,23
2026-03-18,2026-04-11,6,204,24
2026-03-18,2026-04-12,1,180,25
2026-03-18,2026-04-13,0,132,26
2026-03-18,2026-04-14,5,154,27
2026-03-18,2026-04-15,2,138,28
2026-03-18,2026-04-24,5,147,37
2026-03-18,2026-04-25,5,120,38
2026-03-18,2026-04-26,4,113,39
2026-03-18,2026-05-01,0,157,44
2026-03-18,2026-05-02,2,103,45
2026-03-18,2026-05-03,2,154,46
2026-03-18,2026-05-04,0,73,47
2026-03-18,2026-05-05,0,73,48
2026-03-18,2026-05-06,0,63,49
2026-03-19,2026-03-26,225,692,7
2026-03-19,2026-03-28,16,727,9
2026-03-19,2026-03-29,14,624,10
2026-03-19,2026-03-30,15,475,11
2026-03-19,2026-03-31,7,344,12
2026-03-19,2026-04-01,4,286,13
2026-03-19,2026-04-10,4,131,22
2026-03-19,2026-04-11,5,186,23
2026-03-19,2026-04-12,4,150,24
2026-03-19,2026-04-13,3,124,25
2026-03-19,2026-04-14,1,101,26
2026-03-19,2026-04-15,3,121,27
2026-03-19,2026-04-24,0,109,36
2026-03-19,2026-04-25,3,114,37
2026-03-19,2026-04-26,0,99,38
2026-03-19,2026-05-01,2,90,43
2026-03-19,2026-05-02,2,86,44
2026-03-19,2026-05-03,2,127,45
2026-03-19,2026-05-04,0,59,46
2026-03-19,2026-05-05,1,64,47
2026-03-19,2026-05-06,1,58,48
2026-03-20,2026-03-26,150,756,6
2026-03-20,2026-03-28,20,777,8
2026-03-20,2026-03-29,18,633,9
2026-03-20,2026-03-30,14,640,10
2026-03-20,2026-03-31,8,370,11
2026-03-20,2026-04-01,6,310,12
2026-03-20,2026-04-10,1,122,21
2026-03-20,2026-04-11,2,152,22
2026-03-20,2026-04-12,0,161,23
2026-03-20,2026-04-13,1,104,24
2026-03-20,2026-04-14,4,120,25
2026-03-20,2026-04-15,2,114,26
2026-03-20,2026-04-24,1,118,35
2026-03-20,2026-04-25,1,119,36
2026-03-20,2026-04-26,0,107,37
2026-03-20,2026-05-01,0,114,42
2026-03-20,2026-05-02,1,97,43
2026-03-20,2026-05-03,1,120,44
2026-03-20,2026-05-04,0,63,45
2026-03-20,2026-05-05,0,64,46
2026-03-20,2026-05-06,1,55,47
2026-03-21,2026-03-26,301,837,5
2026-03-21,2026-03-28,37,1007,7
2026-03-21,2026-03-29,19,817,8
2026-03-21,2026-03-30,21,693,9
2026-03-21,2026-03-31,10,575,10
2026-03-21,2026-04-01,10,403,11
2026-03-21,2026-04-10,3,207,20
2026-03-21,2026-04-11,4,258,21
2026-03-21,2026-04-12,2,225,22
2026-03-21,2026-04-13,3,170,23
2026-03-21,2026-04-14,4,178,24
2026-03-21,2026-04-15,2,182,25
2026-03-21,2026-04-24,1,188,34
2026-03-21,2026-04-25,8,178,35
2026-03-21,2026-04-26,3,194,36
2026-03-21,2026-05-01,1,182,41
2026-03-21,2026-05-02,2,160,42
2026-03-21,2026-05-03,2,214,43
2026-03-21,2026-05-04,1,132,44
2026-03-21,2026-05-05,2,105,45
2026-03-21,2026-05-06,1,106,46
2026-03-22,2026-03-26,328,889,4
2026-03-22,2026-03-28,45,1078,6
2026-03-22,2026-03-29,41,1053,7
2026-03-22,2026-03-30,29,752,8
2026-03-22,2026-03-31,12,566,9
2026-03-22,2026-04-01,15,515,10
2026-03-22,2026-04-10,5,208,19
2026-03-22,2026-04-11,4,265,20
2026-03-22,2026-04-12,5,264,21
2026-03-22,2026-04-13,6,193,22
2026-03-22,2026-04-14,4,193,23
2026-03-22,2026-04-15,2,175,24
2026-03-22,2026-04-24,4,214,33
2026-03-22,2026-04-25,3,207,34
2026-03-22,2026-04-26,1,196,35
2026-03-22,2026-05-01,3,219,40
2026-03-22,2026-05-02,2,177,41
2026-03-22,2026-05-03,4,225,42
2026-03-22,2026-05-04,1,118,43
2026-03-22,2026-05-05,2,126,44
2026-03-22,2026-05-06,1,113,45
2026-03-23,2026-03-26,406,1116,3
2026-03-23,2026-03-28,48,1113,5
2026-03-23,2026-03-29,44,979,6
2026-03-23,2026-03-30,37,889,7
2026-03-23,2026-03-31,20,491,8
2026-03-23,2026-04-01,16,487,9
2026-03-23,2026-04-10,5,164,18
2026-03-23,2026-04-11,2,226,19
2026-03-23,2026-04-12,3,157,20
2026-03-23,2026-04-13,1,125,21
2026-03-23,2026-04-14,1,133,22
2026-03-23,2026-04-15,3,128,23
2026-03-23,2026-04-24,0,135,32
2026-03-23,2026-04-25,3,110,33
2026-03-23,2026-04-26,2,98,34
2026-03-23,2026-05-01,0,110,39
2026-03-23,2026-05-02,1,101,40
2026-03-23,2026-05-03,1,108,41
2026-03-23,2026-05-04,0,59,42
2026-03-23,2026-05-05,1,69,43
2026-03-23,2026-05-06,0,58,44
2026-03-24,2026-03-26,350,1141,2
2026-03-24,2026-03-28,49,1119,4
2026-03-24,2026-03-29,40,993,5
2026-03-24,2026-03-30,41,932,6
2026-03-24,2026-03-31,24,713,7
2026-03-24,2026-04-01,12,495,8
2026-03-24,2026-04-10,0,164,17
2026-03-24,2026-04-11,5,248,18
2026-03-24,2026-04-12,2,180,19
2026-03-24,2026-04-13,2,148,20
2026-03-24,2026-04-14,3,137,21
2026-03-24,2026-04-15,1,131,22
2026-03-24,2026-04-24,1,117,31
2026-03-24,2026-04-25,1,125,32
2026-03-24,2026-04-26,4,130,33
2026-03-24,2026-05-01,1,110,38
2026-03-24,2026-05-02,1,103,39
2026-03-24,2026-05-03,5,115,40
2026-03-24,2026-05-04,2,76,41
2026-03-24,2026-05-05,1,56,42
2026-03-24,2026-05-06,1,56,43
2026-03-25,2026-03-26,560,1174,1
2026-03-25,2026-03-28,66,1501,3
2026-03-25,2026-03-29,49,1053,4
2026-03-25,2026-03-30,30,975,5
2026-03-25,2026-03-31,29,726,6
2026-03-25,2026-04-01,29,679,7
2026-03-25,2026-04-10,4,194,16
2026-03-25,2026-04-11,2,212,17
2026-03-25,2026-04-12,2,201,18
2026-03-25,2026-04-13,2,156,19
2026-03-25,2026-04-14,1,168,20
2026-03-25,2026-04-15,0,113,21
2026-03-25,2026-04-24,1,135,30
2026-03-25,2026-04-25,0,129,31
2026-03-25,2026-04-26,2,103,32
2026-03-25,2026-05-01,1,98,37
2026-03-25,2026-05-02,1,97,38
2026-03-25,2026-05-03,3,142,39
2026-03-25,2026-05-04,0,62,40
2026-03-25,2026-05-05,0,82,41
2026-03-25,2026-05-06,2,66,42
2026-03-26,2026-03-26,720,1390,0
2026-03-26,2026-03-28,106,1443,2
2026-03-26,2026-03-29,85,1329,3
2026-03-26,2026-03-30,44,1037,4
2026-03-26,2026-03-31,32,773,5
2026-03-26,2026-04-01,23,679,6
2026-03-26,2026-04-10,2,162,15
2026-03-26,2026-04-11,2,222,16
2026-03-26,2026-04-12,1,204,17
2026-03-26,2026-04-13,1,169,18
2026-03-26,2026-04-14,3,146,19
2026-03-26,2026-04-15,0,130,20
2026-03-26,2026-04-24,1,132,29
2026-03-26,2026-04-25,0,116,30
2026-03-26,2026-04-26,1,122,31
2026-03-26,2026-05-01,2,110,36
2026-03-26,2026-05-02,3,92,37
2026-03-26,2026-05-03,0,113,38
2026-03-26,2026-05-04,1,62,39
2026-03-26,2026-05-05,1,79,40
2026-03-26,2026-05-06,1,68,41
2026-03-27,2026-03-28,124,1520,1
2026-03-27,2026-03-29,99,1446,2
2026-03-27,2026-03-30,81,1454,3
2026-03-27,2026-03-31,32,822,4
2026-03-27,2026-04-01,26,765,5
2026-03-27,2026-04-10,6,341,14
2026-03-27,2026-04-11,7,253,15
2026-03-27,2026-04-12,2,200,16
2026-03-27,2026-04-13,0,164,17
2026-03-27,2026-04-14,2,165,18
2026-03-27,2026-04-15,0,155,19
2026-03-27,2026-04-24,0,141,28
2026-03-27,2026-04-25,1,127,29
2026-03-27,2026-04-26,2,117,30
2026-03-27,2026-05-01,2,116,35
2026-03-27,2026-05-02,1,96,36
2026-03-27,2026-05-03,1,130,37
2026-03-27,2026-05-04,1,83,38
2026-03-27,2026-05-05,0,65,39
2026-03-27,2026-05-06,0,63,40
2026-03-28,2026-03-28,173,1892,0
2026-03-28,2026-03-29,136,1590,1
2026-03-28,2026-03-30,88,1497,2
2026-03-28,2026-03-31,80,1147,3
2026-03-28,2026-04-01,28,830,4
2026-03-28,2026-04-10,11,412,13
2026-03-28,2026-04-11,13,554,14
2026-03-28,2026-04-12,4,303,15
2026-03-28,2026-04-13,3,231,16
2026-03-28,2026-04-14,6,229,17
2026-03-28,2026-04-15,1,230,18
2026-03-28,2026-04-24,4,248,27
2026-03-28,2026-04-25,4,202,28
2026-03-28,2026-04-26,4,196,29
2026-03-28,2026-05-01,2,199,34
2026-03-28,2026-05-02,2,194,35
2026-03-28,2026-05-03,5,238,36
2026-03-28,2026-05-04,1,119,37
2026-03-28,2026-05-05,1,140,38
2026-03-28,2026-05-06,1,117,39
2026-03-29,2026-03-29,177,1859,0
2026-03-29,2026-03-30,106,1473,1
2026-03-29,2026-03-31,71,1171,2
2026-03-29,2026-04-01,67,1060,3
2026-03-29,2026-04-10,13,419,12
2026-03-29,2026-04-11,11,552,13
2026-03-29,2026-04-12,13,508,14
2026-03-29,2026-04-13,3,218,15
2026-03-29,2026-04-14,1,256,16
2026-03-29,2026-04-15,5,208,17
2026-03-29,2026-04-24,4,218,26
2026-03-29,2026-04-25,2,228,27
2026-03-29,2026-04-26,2,205,28
2026-03-29,2026-05-01,3,222,33
2026-03-29,2026-05-02,5,192,34
2026-03-29,2026-05-03,2,229,35
2026-03-29,2026-05-04,0,128,36
2026-03-29,2026-05-05,1,127,37
2026-03-29,2026-05-06,1,125,38
2026-03-30,2026-03-30,147,1667,0
2026-03-30,2026-03-31,69,1136,1
2026-03-30,2026-04-01,54,1047,2
2026-03-30,2026-04-10,11,366,11
2026-03-30,2026-04-11,10,462,12
2026-03-30,2026-04-12,12,455,13
2026-03-30,2026-04-13,6,328,14
2026-03-30,2026-04-14,1,180,15
2026-03-30,2026-04-15,2,161,16
2026-03-30,2026-04-24,2,143,25
2026-03-30,2026-04-25,1,159,26
2026-03-30,2026-04-26,0,144,27
2026-03-30,2026-05-01,1,115,32
2026-03-30,2026-05-02,1,92,33
2026-03-30,2026-05-03,3,135,34
2026-03-30,2026-05-04,0,79,35
2026-03-30,2026-05-05,0,77,36
2026-03-30,2026-05-06,0,66,37
2026-03-31,2026-03-31,120,1260,0
2026-03-31,2026-04-01,60,1064,1
2026-03-31,2026-04-10,13,515,10
2026-03-31,2026-04-11,12,541,11
2026-03-31,2026-04-12,15,449,12
2026-03-31,2026-04-13,9,340,13
2026-03-31,2026-04-14,12,340,14
2026-03-31,2026-04-15,1,164,15
2026-03-31,2026-04-24,0,164,24
2026-03-31,2026-04-25,1,147,25
2026-03-31,2026-04-26,3,139,26
2026-03-31,2026-05-01,1,122,31
2026-03-31,2026-05-02,1,119,32
2026-03-31,2026-05-03,2,133,33
2026-03-31,2026-05-04,2,80,34
2026-03-31,2026-05-05,0,83,35
2026-03-31,2026-05-06,0,63,36
2026-04-01,2026-04-01,104,1233,0
2026-04-01,2026-04-10,11,527,9
2026-04-01,2026-04-11,22,690,10
2026-04-01,2026-04-12,18,494,11
2026-04-01,2026-04-13,5,318,12
2026-04-01,2026-04-14,5,330,13
2026-04-01,2026-04-15,7,303,14
2026-04-01,2026-04-24,2,173,23
2026-04-01,2026-04-25,0,122,24
2026-04-01,2026-04-26,3,153,25
2026-04-01,2026-05-01,2,131,30
2026-04-01,2026-05-02,2,120,31
2026-04-01,2026-05-03,2,124,32
2026-04-01,2026-05-04,0,60,33
2026-04-01,2026-05-05,1,70,34
2026-04-01,2026-05-06,1,69,35
2026-04-02,2026-04-10,18,767,8
2026-04-02,2026-04-11,22,932,9
2026-04-02,2026-04-12,31,852,10
2026-04-02,2026-04-13,5,458,11
2026-04-02,2026-04-14,11,475,12
2026-04-02,2026-04-15,10,500,13
2026-04-02,2026-04-24,2,215,22
2026-04-02,2026-04-25,2,224,23
2026-04-02,2026-04-26,5,228,24
2026-04-02,2026-05-01,4,202,29
2026-04-02,2026-05-02,0,147,30
2026-04-02,2026-05-03,1,193,31
2026-04-02,2026-05-04,2,120,32
2026-04-02,2026-05-05,2,96,33
2026-04-02,2026-05-06,1,100,34
2026-04-03,2026-04-10,24,755,7
2026-04-03,2026-04-11,20,743,8
2026-04-03,2026-04-12,14,637,9
2026-04-03,2026-04-13,7,462,10
2026-04-03,2026-04-14,9,398,11
2026-04-03,2026-04-15,9,348,12
2026-04-03,2026-04-24,3,190,21
2026-04-03,2026-04-25,1,159,22
2026-04-03,2026-04-26,2,176,23
2026-04-03,2026-05-01,1,141,28
2026-04-03,2026-05-02,2,110,29
2026-04-03,2026-05-03,3,147,30
2026-04-03,2026-05-04,3,78,31
2026-04-03,2026-05-05,0,77,32
2026-04-03,2026-05-06,1,73,33
2026-04-04,2026-04-10,32,841,6
2026-04-04,2026-04-11,40,1092,7
2026-04-04,2026-04-12,23,767,8
2026-04-04,2026-04-13,14,571,9
2026-04-04,2026-04-14,16,615,10
2026-04-04,2026-04-15,7,459,11
2026-04-04,2026-04-24,4,249,20
2026-04-04,2026-04-25,3,232,21
2026-04-04,2026-04-26,5,230,22
2026-04-04,2026-05-01,4,246,27
2026-04-04,2026-05-02,1,184,28
2026-04-04,2026-05-03,1,279,29
2026-04-04,2026-05-04,4,128,30
2026-04-04,2026-05-05,0,143,31
2026-04-04,2026-05-06,1,137,32
2026-04-05,2026-04-10,47,876,5
2026-04-05,2026-04-11,47,1183,6
2026-04-05,2026-04-12,49,1026,7
2026-04-05,2026-04-13,11,594,8
2026-04-05,2026-04-14,17,661,9
2026-04-05,2026-04-15,8,564,10
2026-04-05,2026-04-24,4,278,19
2026-04-05,2026-04-25,6,239,20
2026-04-05,2026-04-26,3,252,21
2026-04-05,2026-05-01,5,236,26
2026-04-05,2026-05-02,3,204,27
2026-04-05,2026-05-03,2,255,28
2026-04-05,2026-05-04,3,137,29
2026-04-05,2026-05-05,0,165,30
2026-04-05,2026-05-06,2,125,31
2026-04-06,2026-04-10,28,819,4
2026-04-06,2026-04-11,47,1131,5
2026-04-06,2026-04-12,25,984,6
2026-04-06,2026-04-13,21,697,7
2026-04-06,2026-04-14,17,555,8
2026-04-06,2026-04-15,12,560,9
2026-04-06,2026-04-24,2,190,18
2026-04-06,2026-04-25,2,147,19
2026-04-06,2026-04-26,1,186,20
2026-04-06,2026-05-01,1,169,25
2026-04-06,2026-05-02,2,139,26
2026-04-06,2026-05-03,4,185,27
2026-04-06,2026-05-04,1,95,28
2026-04-06,2026-05-05,1,83,29
2026-04-06,2026-05-06,3,86,30
2026-04-07,2026-04-10,58,1109,3
2026-04-07,2026-04-11,49,1158,4
2026-04-07,2026-04-12,35,998,5
2026-04-07,2026-04-13,24,716,6
2026-04-07,2026-04-14,27,744,7
2026-04-07,2026-04-15,6,539,8
2026-04-07,2026-04-24,1,190,17
2026-04-07,2026-04-25,0,188,18
2026-04-07,2026-04-26,2,178,19
2026-04-07,2026-05-01,2,161,24
2026-04-07,2026-05-02,3,134,25
2026-04-07,2026-05-03,2,169,26
2026-04-07,2026-05-04,3,113,27
2026-04-07,2026-05-05,0,84,28
2026-04-07,2026-05-06,1,88,29
2026-04-08,2026-04-10,73,1208,2
2026-04-08,2026-04-11,99,1567,3
2026-04-08,2026-04-12,47,1087,4
2026-04-08,2026-04-13,33,745,5
2026-04-08,2026-04-14,28,821,6
2026-04-08,2026-04-15,24,728,7
2026-04-08,2026-04-24,2,222,16
2026-04-08,2026-04-25,1,218,17
2026-04-08,2026-04-26,2,193,18
2026-04-08,2026-05-01,2,179,23
2026-04-08,2026-05-02,3,145,24
2026-04-08,2026-05-03,4,173,25
2026-04-08,2026-05-04,1,106,26
2026-04-08,2026-05-05,1,88,27
2026-04-08,2026-05-06,2,83,28
2026-04-09,2026-04-10,73,1150,1
2026-04-09,2026-04-11,120,1500,2
2026-04-09,2026-04-12,87,1390,3
2026-04-09,2026-04-13,32,814,4
2026-04-09,2026-04-14,31,876,5
2026-04-09,2026-04-15,21,749,6
2026-04-09,2026-04-24,5,237,15
2026-04-09,2026-04-25,5,199,16
2026-04-09,2026-04-26,1,197,17
2026-04-09,2026-05-01,5,192,22
2026-04-09,2026-05-02,5,154,23
2026-04-09,2026-05-03,4,176,24
2026-04-09,2026-05-04,5,125,25
2026-04-09,2026-05-05,0,101,26
2026-04-09,2026-05-06,1,85,27
2026-04-10,2026-04-10,124,1318,0
2026-04-10,2026-04-11,133,1672,1
2026-04-10,2026-04-12,97,1435,2
2026-04-10,2026-04-13,66,997,3
2026-04-10,2026-04-14,37,877,4
2026-04-10,2026-04-15,29,793,5
2026-04-10,2026-04-24,10,444,14
2026-04-10,2026-04-25,5,218,15
2026-04-10,2026-04-26,4,214,16
2026-04-10,2026-05-01,5,192,21
2026-04-10,2026-05-02,1,171,22
2026-04-10,2026-05-03,2,203,23
2026-04-10,2026-05-04,2,96,24
2026-04-10,2026-05-05,3,106,25
2026-04-10,2026-05-06,2,122,26
2026-04-11,2026-04-11,216,2107,0
2026-04-11,2026-04-12,108,1493,1
2026-04-11,2026-04-13,80,1136,2
2026-04-11,2026-04-14,70,1255,3
2026-04-11,2026-04-15,38,934,4
2026-04-11,2026-04-24,6,516,13
2026-04-11,2026-04-25,12,512,14
2026-04-11,2026-04-26,5,314,15
2026-04-11,2026-05-01,7,270,20
2026-04-11,2026-05-02,1,250,21
2026-04-11,2026-05-03,3,306,22
2026-04-11,2026-05-04,1,155,23
2026-04-11,2026-05-05,1,164,24
2026-04-11,2026-05-06,3,151,25
2026-04-12,2026-04-12,171,1866,0
2026-04-12,2026-04-13,74,1167,1
2026-04-12,2026-04-14,77,1191,2
2026-04-12,2026-04-15,67,1205,3
2026-04-12,2026-04-24,17,569,12
2026-04-12,2026-04-25,13,506,13
2026-04-12,2026-04-26,17,474,14
2026-04-12,2026-05-01,3,299,19
2026-04-12,2026-05-02,4,251,20
2026-04-12,2026-05-03,6,306,21
2026-04-12,2026-05-04,3,167,22
2026-04-12,2026-05-05,0,183,23
2026-04-12,2026-05-06,0,179,24
2026-04-13,2026-04-13,105,1326,0
2026-04-13,2026-04-14,82,1232,1
2026-04-13,2026-04-15,68,1166,2
2026-04-13,2026-04-24,6,423,11
2026-04-13,2026-04-25,7,434,12
2026-04-13,2026-04-26,8,427,13
2026-04-13,2026-05-01,2,196,18
2026-04-13,2026-05-02,2,176,19
2026-04-13,2026-05-03,4,206,20
2026-04-13,2026-05-04,1,117,21
2026-04-13,2026-05-05,2,114,22
2026-04-13,2026-05-06,1,91,23
2026-04-14,2026-04-14,115,1448,0
2026-04-14,2026-04-15,86,1201,1
2026-04-14,2026-04-24,20,621,10
2026-04-14,2026-04-25,11,469,11
2026-04-14,2026-04-26,18,444,12
2026-04-14,2026-05-01,7,242,17
2026-04-14,2026-05-02,3,182,18
2026-04-14,2026-05-03,6,225,19
2026-04-14,2026-05-04,1,118,20
2026-04-14,2026-05-05,2,107,21
2026-04-14,2026-05-06,1,89,22
2026-04-15,2026-04-15,115,1425,0
2026-04-15,2026-04-24,18,689,9
2026-04-15,2026-04-25,30,607,10
2026-04-15,2026-04-26,11,466,11
2026-04-15,2026-05-01,5,230,16
2026-04-15,2026-05-02,3,184,17
2026-04-15,2026-05-03,10,222,18
2026-04-15,2026-05-04,1,147,19
2026-04-15,2026-05-05,0,118,20
2026-04-15,2026-05-06,0,120,21
2026-04-16,2026-04-24,23,700,8
2026-04-16,2026-04-25,25,666,9
2026-04-16,2026-04-26,12,597,10
2026-04-16,2026-05-01,3,243,15
2026-04-16,2026-05-02,5,212,16
2026-04-16,2026-05-03,6,252,17
2026-04-16,2026-05-04,1,134,18
2026-04-16,2026-05-05,3,112,19
2026-04-16,2026-05-06,3,128,20
2026-04-17,2026-04-24,31,988,7
2026-04-17,2026-04-25,17,703,8
2026-04-17,2026-04-26,19,720,9
2026-04-17,2026-05-01,10,447,14
2026-04-17,2026-05-02,1,219,15
2026-04-17,2026-05-03,3,246,16
2026-04-17,2026-05-04,2,132,17
2026-04-17,2026-05-05,0,122,18
2026-04-17,2026-05-06,1,116,19
2026-04-18,2026-04-24,44,1038,6
2026-04-18,2026-04-25,44,980,7
2026-04-18,2026-04-26,28,763,8
2026-04-18,2026-05-01,19,572,13
2026-04-18,2026-05-02,15,473,14
2026-04-18,2026-05-03,6,367,15
2026-04-18,2026-05-04,3,193,16
2026-04-18,2026-05-05,3,210,17
2026-04-18,2026-05-06,0,161,18
2026-04-19,2026-04-24,58,1140,5
2026-04-19,2026-04-25,43,1054,6
2026-04-19,2026-04-26,53,1030,7
2026-04-19,2026-05-01,8,580,12
2026-04-19,2026-05-02,16,462,13
2026-04-19,2026-05-03,19,616,14
2026-04-19,2026-05-04,1,219,15
2026-04-19,2026-05-05,5,197,16
2026-04-19,2026-05-06,3,174,17
2026-04-20,2026-04-24,56,1451,4
2026-04-20,2026-04-25,53,1250,5
2026-04-20,2026-04-26,47,1365,6
2026-04-20,2026-05-01,24,668,11
2026-04-20,2026-05-02,12,572,12
2026-04-20,2026-05-03,24,778,13
2026-04-20,2026-05-04,6,366,14
2026-04-20,2026-05-05,2,235,15
2026-04-20,2026-05-06,1,185,16
2026-04-21,2026-04-24,122,1498,3
2026-04-21,2026-04-25,50,1010,4
2026-04-21,2026-04-26,43,1066,5
2026-04-21,2026-05-01,21,690,10
2026-04-21,2026-05-02,12,443,11
2026-04-21,2026-05-03,17,543,12
2026-04-21,2026-05-04,3,289,13
2026-04-21,2026-05-05,9,271,14
2026-04-21,2026-05-06,2,162,15
2026-04-22,2026-04-24,100,1495,2
2026-04-22,2026-04-25,83,1359,3
2026-04-22,2026-04-26,51,1055,4
2026-04-22,2026-05-01,21,701,9
2026-04-22,2026-05-02,10,572,10
2026-04-22,2026-05-03,17,540,11
2026-04-22,2026-05-04,11,322,12
2026-04-22,2026-05-05,8,319,13
2026-04-22,2026-05-06,4,255,14
2026-04-23,2026-04-24,95,1567,1
2026-04-23,2026-04-25,103,1407,2
2026-04-23,2026-04-26,88,1390,3
2026-04-23,2026-05-01,18,733,8
2026-04-23,2026-05-02,13,600,9
2026-04-23,2026-05-03,20,764,10
2026-04-23,2026-05-04,10,302,11
2026-04-23,2026-05-05,9,311,12
2026-04-23,2026-05-06,9,321,13
2026-04-24,2026-04-24,154,1815,0
2026-04-24,2026-04-25,107,1464,1
2026-04-24,2026-04-26,102,1492,2
2026-04-24,2026-05-01,47,997,7
2026-04-24,2026-05-02,14,670,8
2026-04-24,2026-05-03,23,788,9
2026-04-24,2026-05-04,10,440,10
2026-04-24,2026-05-05,6,380,11
2026-04-24,2026-05-06,5,301,12
2026-04-25,2026-04-25,151,1688,0
2026-04-25,2026-04-26,114,1606,1
2026-04-25,2026-05-01,43,1175,6
2026-04-25,2026-05-02,34,1014,7
2026-04-25,2026-05-03,23,914,8
2026-04-25,2026-05-04,13,510,9
2026-04-25,2026-05-05,18,532,10
2026-04-25,2026-05-06,9,372,11
2026-04-26,2026-04-26,184,1910,0
2026-04-26,2026-05-01,37,1125,5
2026-04-26,2026-05-02,38,965,6
2026-04-26,2026-05-03,50,1214,7
2026-04-26,2026-05-04,5,501,8
2026-04-26,2026-05-05,11,489,9
2026-04-26,2026-05-06,19,500,10
2026-04-27,2026-05-01,59,1117,4
2026-04-27,2026-05-02,32,875,5
2026-04-27,2026-05-03,41,1231,6
2026-04-27,2026-05-04,32,643,7
2026-04-27,2026-05-05,15,462,8
2026-04-27,2026-05-06,6,479,9
2026-04-28,2026-05-01,81,1487,3
2026-04-28,2026-05-02,39,985,4
2026-04-28,2026-05-03,61,1243,5
2026-04-28,2026-05-04,28,646,6
2026-04-28,2026-05-05,23,637,7
2026-04-28,2026-05-06,7,413,8
2026-04-29,2026-05-01,102,1633,2
2026-04-29,2026-05-02,79,1344,3
2026-04-29,2026-05-03,73,1281,4
2026-04-29,2026-05-04,19,651,5
2026-04-29,2026-05-05,35,699,6
2026-04-29,2026-05-06,18,624,7
2026-04-30,2026-05-01,160,2191,1
2026-04-30,2026-05-02,114,1856,2
2026-04-30,2026-05-03,136,2453,3
2026-04-30,2026-05-04,40,1000,4
2026-04-30,2026-05-05,40,963,5
2026-04-30,2026-05-06,20,842,6
2026-05-01,2026-05-01,174,1766,0
2026-05-01,2026-05-02,76,1346,1
2026-05-01,2026-05-03,119,1705,2
2026-05-01,2026-05-04,57,977,3
2026-05-01,2026-05-05,26,761,4
2026-05-01,2026-05-06,26,692,5
2026-05-02,2026-05-02,159,1636,0
2026-05-02,2026-05-03,145,1931,1
2026-05-02,2026-05-04,58,971,2
2026-05-02,2026-05-05,57,1036,3
2026-05-02,2026-05-06,38,717,4
2026-05-03,2026-05-03,254,2164,0
2026-05-03,2026-05-04,83,1047,1
2026-05-03,2026-05-05,75,1062,2
2026-05-03,2026-05-06,45,988,3
2026-05-04,2026-05-04,94,1092,0
2026-05-04,2026-05-05,72,1020,1
2026-05-04,2026-05-06,67,981,2
2026-05-05,2026-05-05,101,1193,0
2026-05-05,2026-05-06,73,1012,1
2026-05-06,2026-05-06,98,1163,0
